date,steps
2019-04-18,1326
2019-04-19,5098
2019-04-20,9171
2019-04-21,445
2019-04-22,3248
2019-04-23,2851
2019-04-24,5113
2019-04-25,2939
2019-04-26,6294
2019-04-27,645
2019-04-28,44
2019-04-29,3016
2019-04-30,3229
2019-05-01,2714
2019-05-02,2818
2019-05-03,3904
2019-05-04,53
2019-05-05,80
2019-05-06,2512
2019-05-07,3057
2019-05-08,2528
2019-05-09,3874
2019-05-10,6098
2019-05-11,113
2019-05-12,464
2019-05-13,2557
2019-05-14,2927
2019-05-15,3972
2019-05-16,2712
2019-05-17,4282
2019-05-18,191
2019-05-19,544
2019-05-20,4160
2019-05-21,8439
2019-05-22,3387
2019-05-23,2916
2019-05-24,6726
2019-05-25,429
2019-05-26,1838
2019-05-27,1614
2019-05-28,2451
2019-05-29,3708
2019-05-30,3748
2019-05-31,6368
2019-06-01,21
2019-06-02,1979
2019-06-03,5001
2019-06-04,4077
2019-06-05,3147
2019-06-06,3356
2019-06-07,4511
2019-06-08,73
2019-06-09,3395
2019-06-10,3118
2019-06-11,5446
2019-06-12,2267
2019-06-13,3864
2019-06-14,45
2019-06-15,1600
2019-06-16,40
2019-06-17,3125
2019-06-18,1745
2019-06-19,5339
2019-06-20,1421
2019-06-21,1588
2019-06-22,169
2019-06-23,2372
2019-06-24,1498
2019-06-25,2355
2019-06-26,1481
2019-06-27,1989
2019-06-28,4084
2019-06-29,1430
2019-06-30,6324
2019-07-01,997
2019-07-02,1277
2019-07-03,1772
2019-07-04,2478
2019-07-05,4174
2019-07-06,107
2019-07-07,402
2019-07-08,2232
2019-07-09,1446
2019-07-10,5925
2019-07-11,12626
2019-07-12,12447
2019-07-13,10955
2019-07-14,7172
2019-07-15,1788
2019-07-16,2764
2019-07-17,1388
2019-07-18,1292
2019-07-19,1372
2019-07-20,4709
2019-07-21,2
2019-07-22,1140
2019-07-23,1268
2019-07-24,1787
2019-07-25,1141
2019-07-26,34
2019-07-27,2086
2019-07-28,570
2019-07-29,2992
2019-07-30,1330
2019-07-31,1104
2019-08-01,2290
2019-08-02,986
2019-08-03,457
2019-08-04,3207
2019-08-05,1402
2019-08-06,1244
2019-08-07,1847
2019-08-08,1379
2019-08-09,1318
2019-08-10,1144
2019-08-11,1818
2019-08-12,1389
2019-08-13,896
2019-08-14,1380
2019-08-15,2615
2019-08-16,923
2019-08-17,4408
2019-08-18,100
2019-08-19,206
2019-08-20,1220
2019-08-21,6890
2019-08-22,3871
2019-08-23,4848
2019-08-24,985
2019-08-25,3373
2019-08-26,3077
2019-08-27,3709
2019-08-28,3506
2019-08-29,3508
2019-08-30,3667
2019-08-31,189
2019-09-01,1361
2019-09-02,137
2019-09-03,3269
2019-09-04,3205
2019-09-05,3628
2019-09-06,3466
2019-09-07,796
2019-09-08,64
2019-09-09,3456
2019-09-10,3219
2019-09-11,3239
2019-09-12,2860
2019-09-13,3731
2019-09-14,3681
2019-09-15,61
2019-09-16,3374
2019-09-17,2216
2019-09-18,3533
2019-09-19,3513
2019-09-20,3564
2019-09-21,452
2019-09-22,5886
2019-09-23,3829
2019-09-24,3503
2019-09-25,4417
2019-09-26,3824
2019-09-27,3406
2019-09-28,1990
2019-09-30,939
2019-10-01,3352
2019-10-02,3735
2019-10-03,3215
2019-10-04,3460
2019-10-05,2796
2019-10-06,1842
2019-10-07,3871
2019-10-08,3269
2019-10-09,3391
2019-10-10,5287
2019-10-11,2851
2019-10-12,7320
2019-10-13,1298
2019-10-14,3459
2019-10-15,2937
2019-10-16,2271
2019-10-17,2742
2019-10-18,3766
2019-10-19,756
2019-10-20,918
2019-10-21,3587
2019-10-22,3450
2019-10-23,4019
2019-10-24,2966
2019-10-25,3216
2019-10-26,2665
2019-10-27,244
2019-10-28,135
2019-10-29,3210
2019-10-30,3214
2019-10-31,5793
2019-11-01,4286
2019-11-02,27
2019-11-03,832
2019-11-04,3674
2019-11-05,3497
2019-11-06,4096
2019-11-07,3840
2019-11-08,7034
2019-11-09,22
2019-11-11,341
2019-11-12,3205
2019-11-13,3520
2019-11-14,2418
2019-11-15,2488
2019-11-16,591
2019-11-17,3593
2019-11-18,2827
2019-11-19,2671
2019-11-20,2970
2019-11-21,2854
2019-11-22,6388
2019-11-23,5
2019-11-24,1748
2019-11-25,1434
2019-11-26,691
2019-11-27,63
2019-11-28,1494
2019-11-29,10165
2019-11-30,945
2019-12-01,4904
2019-12-02,2385
2019-12-03,241
2019-12-04,136
2019-12-05,3138
2019-12-06,2365
2019-12-07,558
2019-12-09,2067
2019-12-10,2097
2019-12-11,2670
2019-12-12,2569
2019-12-13,4659
2019-12-14,967
2019-12-15,73
2019-12-16,3328
2019-12-17,2588
2019-12-18,2731
2019-12-19,6304
2019-12-20,3585
2019-12-21,3979
2019-12-22,5638
2019-12-23,2709
2019-12-24,1690
2019-12-25,2490
2019-12-26,1993
2019-12-27,1363
2019-12-28,3304
2019-12-29,529
2019-12-30,481
2019-12-31,545
2020-01-01,6000
2020-01-02,5376
2020-01-03,2017
2020-01-04,514
2020-01-05,10
2020-01-06,2932
2020-01-07,2266
2020-01-08,3322
2020-01-09,3479
2020-01-10,3240
2020-01-11,6394
2020-01-12,168
2020-01-13,2985
2020-01-14,3780
2020-01-15,3492
2020-01-16,6758
2020-01-17,3112
2020-01-18,786
2020-01-19,1469
2020-01-20,78
2020-01-21,3116
2020-01-22,3850
2020-01-23,3147
2020-01-24,3942
2020-01-25,555
2020-01-26,310
2020-01-27,2785
2020-01-28,3215
2020-01-29,3817
2020-01-30,3797
2020-01-31,657
2020-02-02,16
2020-02-03,5591
2020-02-04,6532
2020-02-05,4833
2020-02-06,4380
2020-02-07,3061
2020-02-08,84
2020-02-09,681
2020-02-10,2985
2020-02-11,2814
2020-02-12,4007
2020-02-13,3668
2020-02-14,6775
2020-02-15,1911
2020-02-16,29
2020-02-17,239
2020-02-18,3461
2020-02-19,21
2020-02-20,867
2020-02-21,117
2020-02-22,904
2020-02-23,307
2020-02-24,2487
2020-02-25,5430
2020-02-26,3131
2020-02-27,3348
2020-02-28,4130
2020-02-29,1029
2020-03-01,18
2020-03-02,4529
2020-03-03,3095
2020-03-04,2059
2020-03-05,2040
2020-03-06,3118
2020-03-07,6107
2020-03-08,32
2020-03-09,3297
2020-03-10,4548
2020-03-11,16699
2020-03-12,3662
2020-03-13,5093
2020-03-14,63
2020-03-15,149
2020-03-16,1910
2020-03-17,356
2020-03-18,105
2020-03-19,82
2020-03-20,4005
2020-03-21,60
2020-03-22,115
2020-03-23,89
2020-03-24,29
2020-03-26,1315
2020-03-27,115
2020-03-28,185
2020-03-29,92
2020-03-31,3698
2020-04-01,2088
2020-04-02,160
2020-04-03,152
2020-04-04,191
2020-04-05,36
2020-04-06,1781
2020-04-07,304
2020-04-08,136
2020-04-09,63
2020-04-10,108
2020-04-11,171
2020-04-12,704
2020-04-13,298
2020-04-14,1908
2020-04-15,3504
2020-04-16,16
2020-04-17,8
2020-04-18,1909
2020-04-19,18
2020-04-20,44
2020-04-21,875
2020-04-23,4646
2020-04-24,2216
2020-04-25,42
2020-04-26,57
2020-04-27,92
2020-04-28,30
2020-04-29,30
2020-04-30,5
2020-05-01,10
2020-05-02,100
2020-05-03,58
2020-05-04,21
2020-05-05,63
2020-05-06,40
2020-05-07,90
2020-05-08,602
2020-05-09,1207
2020-05-11,9
2020-05-12,2615
2020-05-13,419
2020-05-14,16
2020-05-15,96
2020-05-16,1756
2020-05-18,31
2020-05-19,63
2020-05-20,20
2020-05-21,20
2020-05-22,8
2020-05-23,1210
2020-05-24,58
2020-05-25,3505
2020-05-26,28
2020-05-27,619
2020-05-28,1006
2020-05-29,71
2020-05-30,80
2020-05-31,307
2020-06-01,1609
2020-06-02,104
2020-06-03,22
2020-06-04,60
2020-06-05,458
2020-06-06,73
2020-06-07,125
2020-06-08,50
2020-06-09,141
2020-06-10,1184
2020-06-11,18
2020-06-12,8
2020-06-13,43
2020-06-14,2111
2020-06-15,38
2020-06-16,736
2020-06-17,49
2020-06-18,2324
2020-06-19,128
2020-06-20,45
2020-06-21,4251
2020-06-22,55
2020-06-23,149
2020-06-24,85
2020-06-25,53
2020-06-26,73
2020-06-27,28
2020-06-28,89
2020-06-29,1489
2020-07-01,119
2020-07-02,4
2020-07-03,193
2020-07-04,1880
2020-07-05,7173
2020-07-06,51
2020-07-07,90
2020-07-08,46
2020-07-10,22
2020-07-11,8
2020-07-12,1270
2020-07-13,105
2020-07-14,8
2020-07-15,56
2020-07-16,24
2020-07-17,68
2020-07-18,544
2020-07-19,2021
2020-07-20,102
2020-07-21,48
2020-07-22,893
2020-07-23,56
2020-07-24,461
2020-07-25,8
2020-07-26,50
2020-07-27,84
2020-07-28,24
2020-07-29,15
2020-07-30,542
2020-07-31,17
2020-08-01,66
2020-08-02,139
2020-08-03,164
2020-08-04,83
2020-08-05,66
2020-08-07,17
2020-08-08,58
2020-08-09,112
2020-08-10,58
2020-08-11,30
2020-08-12,29
2020-08-14,49
2020-08-15,126
2020-08-16,13
2020-08-17,204
2020-08-18,18
2020-08-19,11
2020-08-20,76
2020-08-21,48
2020-08-22,767
2020-08-23,64
2020-08-24,314
2020-08-25,36
2020-08-26,35
2020-08-27,130
2020-08-28,26
2020-08-29,1666
2020-08-30,8
2020-08-31,1338
2020-09-01,317
2020-09-02,103
2020-09-03,20
2020-09-04,66
2020-09-05,212
2020-09-06,11
2020-09-07,118
2020-09-08,80
2020-09-11,190
2020-09-12,4
2020-09-13,42
2020-09-14,119
2020-09-17,55
2020-09-18,12
2020-09-19,27
2020-09-20,24
2020-09-21,242
2020-09-22,23
2020-09-23,16
2020-09-24,2522
2020-09-25,178
2020-09-26,294
2020-09-27,1094
2020-09-28,85
2020-09-29,214
2020-09-30,51
2020-10-01,1310
2020-10-02,914
2020-10-03,2416
2020-10-05,133
2020-10-06,50
2020-10-07,227
2020-10-08,71
2020-10-09,46
2020-10-10,562
2020-10-11,75
2020-10-12,1082
2020-10-13,99
2020-10-14,21
2020-10-15,28
2020-10-16,86
2020-10-17,1294
2020-10-18,1184
2020-10-19,36
2020-10-21,30
2020-10-22,16
2020-10-23,1280
2020-10-24,336
2020-10-28,93
2020-10-29,23
2020-10-30,88
2020-10-31,4715
2020-11-01,12
2020-11-02,232
2020-11-03,58
2020-11-04,56
2020-11-05,924
2020-11-06,3541
2020-11-07,696
2020-11-08,40
2020-11-09,1778
2020-11-10,581
2020-11-11,1556
2020-11-12,1650
2020-11-13,175
2020-11-14,5237
2020-11-15,1501
2020-11-16,39
2020-11-17,571
2020-11-18,26
2020-11-19,39
2020-11-20,346
2020-11-21,79
2020-11-22,73
2020-11-23,3725
2020-11-24,3000
2020-11-25,2263
2020-11-26,618
2020-11-27,5218
2020-11-28,40
2020-11-29,194
2020-11-30,25
2020-12-01,645
2020-12-02,20
2020-12-03,8
2020-12-04,70
2020-12-05,2
2020-12-06,67
2020-12-07,201
2020-12-08,408
2020-12-09,2554
2020-12-10,36
2020-12-11,62
2020-12-12,42
2020-12-14,1365
2020-12-15,187
2020-12-16,28
2020-12-17,42
2020-12-18,194
2020-12-19,261
2020-12-20,2068
2020-12-21,49
2020-12-22,23
2020-12-23,36
2020-12-24,2280
2020-12-25,501
2020-12-26,3764
2020-12-27,35
2020-12-28,119
2020-12-29,1748
2020-12-30,68
2020-12-31,257
2021-01-01,76
2021-01-02,77
2021-01-03,145
2021-01-04,52
2021-01-05,25
2021-01-06,21
2021-01-07,29
2021-01-08,218
2021-01-09,4254
2021-01-10,128
2021-01-11,32
2021-01-12,8
2021-01-13,54
2021-01-14,31
2021-01-15,1987
2021-01-16,114
2021-01-17,45
2021-01-18,2356
2021-01-19,58
2021-01-20,271
2021-01-21,563
2021-01-22,602
2021-01-23,4005
2021-01-24,1990
2021-01-25,48
2021-01-26,336
2021-01-27,18
2021-01-28,133
2021-01-29,24
2021-01-31,171
2021-02-01,65
2021-02-02,10
2021-02-03,8
2021-02-04,139
2021-02-05,21
2021-02-06,289
2021-02-07,980
2021-02-08,64
2021-02-09,219
2021-02-10,143
2021-02-11,332
2021-02-12,146
2021-02-13,1464
2021-02-14,102
2021-02-15,117
2021-02-16,586
2021-02-17,10
2021-02-19,208
2021-02-20,172
2021-02-21,39
2021-02-22,17
2021-02-24,1792
2021-02-25,327
2021-02-26,1189
2021-02-27,21
2021-02-28,560
2021-03-01,290
2021-03-02,40
2021-03-03,116
2021-03-04,47
2021-03-05,3674
2021-03-06,72
2021-03-07,1678
2021-03-08,13
2021-03-09,33
2021-03-10,35
2021-03-11,4503
2021-03-12,8096
2021-03-13,87
2021-03-14,26
2021-03-15,24
2021-03-16,160
2021-03-17,97
2021-03-18,156
2021-03-19,77
2021-03-20,8
2021-03-21,307
2021-03-22,287
2021-03-23,38
2021-03-24,73
2021-03-25,1387
2021-03-26,2850
2021-03-27,7
2021-03-28,100
2021-03-29,46
2021-03-30,32
2021-03-31,40
2021-04-01,64
2021-04-02,28
2021-04-03,1417
2021-04-04,701
2021-04-05,174
2021-04-06,1566
2021-04-07,10
2021-04-08,606
2021-04-09,4448
2021-04-10,89
2021-04-11,9
2021-04-12,123
2021-04-13,29
2021-04-14,8108
2021-04-15,72
2021-04-16,2231
2021-04-17,4286
2021-04-18,23
2021-04-19,21
2021-04-20,116
2021-04-21,811
2021-04-22,112
2021-04-23,1581
2021-04-24,23
2021-04-25,2606
2021-04-26,198
2021-04-27,15
2021-04-28,81
2021-04-29,52
2021-04-30,1081
2021-05-01,106
2021-05-02,49
2021-05-03,185
2021-05-05,20
2021-05-06,84
2021-05-07,982
2021-05-08,472
2021-05-09,7
2021-05-10,16
2021-05-11,34
2021-05-12,57
2021-05-13,39
2021-05-14,1411
2021-05-15,57
2021-05-16,178
2021-05-17,66
2021-05-18,12
2021-05-19,28
2021-05-20,11
2021-05-21,259
2021-05-22,25
2021-05-23,10
2021-05-24,28
2021-05-25,12
2021-05-26,14
2021-05-27,49
2021-05-28,159
2021-05-29,66
2021-05-30,4984
2021-05-31,1384
2021-06-02,25
2021-06-03,14
2021-06-04,268
2021-06-05,3584
2021-06-06,657
2021-06-07,26
2021-06-08,1029
2021-06-09,890
2021-06-10,4929
2021-06-11,1516
2021-06-12,8
2021-06-13,265
2021-06-14,39
2021-06-15,39
2021-06-16,34
2021-06-17,5423
2021-06-18,2100
2021-06-19,30
2021-06-20,3529
2021-06-21,209
2021-06-22,515
2021-06-23,199
2021-06-24,94
2021-06-25,765
2021-06-26,76
2021-06-27,2760
2021-06-28,2659
2021-06-29,3805
2021-06-30,150
2021-07-01,9459
2021-07-02,8434
2021-07-03,1432
2021-07-04,24
2021-07-05,2118
2021-07-06,77
2021-07-07,383
2021-07-08,54
2021-07-09,18
2021-07-10,814
2021-07-11,1024
2021-07-12,18
2021-07-13,7125
2021-07-14,74
2021-07-15,26
2021-07-16,199
2021-07-17,1414
2021-07-18,276
2021-07-19,2318
2021-07-20,47
2021-07-21,1024
2021-07-22,219
2021-07-23,8
2021-07-24,1893
2021-07-25,445
2021-07-26,63
2021-07-27,67
2021-07-28,1696
2021-07-29,3861
2021-07-30,206
2021-07-31,283
2021-08-01,1073
2021-08-02,834
2021-08-03,3696
2021-08-04,13368
2021-08-05,930
2021-08-06,476
2021-08-07,931
2021-08-08,74
2021-08-09,4398
2021-08-10,3031
2021-08-11,1486
2021-08-12,976
2021-08-13,8616
2021-08-14,2193
2021-08-15,35
2021-08-16,24
2021-08-17,3114
2021-08-18,4953
2021-08-19,3572
2021-08-20,3530
2021-08-21,2003
2021-08-22,734
2021-08-23,2717
2021-08-24,3034
2021-08-25,3241
2021-08-26,3220
2021-08-27,2775
2021-08-28,2835
2021-08-29,765
2021-08-30,3805
2021-08-31,3406
2021-09-01,3992
2021-09-02,3023
2021-09-03,6167
2021-09-04,1079
2021-09-05,415
2021-09-06,1260
2021-09-07,2451
2021-09-08,2846
2021-09-09,3290
2021-09-10,3116
2021-09-11,1449
2021-09-12,1297
2021-09-13,3505
2021-09-14,3985
2021-09-15,3118
2021-09-16,3262
2021-09-17,7315
2021-09-18,3305
2021-09-19,827
2021-09-20,4026
2021-09-21,2723
2021-09-22,3533
2021-09-23,2645
2021-09-24,3898
2021-09-25,536
2021-09-26,1519
2021-09-27,1651
2021-09-28,2453
2021-09-29,3632
2021-09-30,4251
2021-10-01,3733
2021-10-02,1064
2021-10-03,342
2021-10-04,3881
2021-10-05,3326
2021-10-06,3677
2021-10-07,3868
2021-10-08,4429
2021-10-09,14
2021-10-10,334
2021-10-11,4652
2021-10-12,3738
2021-10-13,4004
2021-10-14,5252
2021-10-15,3757
2021-10-16,36
2021-10-17,306
2021-10-18,5885
2021-10-19,3699
2021-10-20,6453
2021-10-21,6528
2021-10-22,6244
2021-10-23,4502
2021-10-24,490
2021-10-25,51
2021-10-26,3075
2021-10-27,4309
2021-10-28,3866
2021-10-29,2850
2021-10-30,416
2021-10-31,68
2021-11-01,3618
2021-11-02,3059
2021-11-03,2733
2021-11-04,4747
2021-11-05,3451
2021-11-06,61
2021-11-07,29
2021-11-08,4376
2021-11-09,3172
2021-11-10,3133
2021-11-11,244
2021-11-12,1731
2021-11-13,45
2021-11-14,248
2021-11-15,2736
2021-11-16,4314
2021-11-17,6927
2021-11-18,3694
2021-11-19,3894
2021-11-20,4199
2021-11-21,689
2021-11-22,671
2021-11-23,1791
2021-11-24,1956
2021-11-25,483
2021-11-26,4713
2021-11-27,1349
2021-11-28,517
2021-11-29,4677
2021-11-30,4209
2021-12-01,3074
2021-12-02,3583
2021-12-03,7177
2021-12-04,5160
2021-12-05,286
2021-12-06,3503
2021-12-07,3587
2021-12-08,5327
2021-12-09,4336
2021-12-10,7451
2021-12-11,1184
2021-12-12,457
2021-12-13,5865
2021-12-14,3634
2021-12-15,7107
2021-12-16,3301
2021-12-17,1909
2021-12-18,3276
2021-12-19,8247
2021-12-20,1504
2021-12-21,1513
2021-12-22,746
2021-12-23,2165
2021-12-24,13453
2021-12-25,8802
2021-12-26,1875
2021-12-27,336
2021-12-28,47
2021-12-29,9
2021-12-30,24
2021-12-31,1485
2022-01-01,45
2022-01-02,366
2022-01-03,4094
2022-01-04,2587
2022-01-05,3645
2022-01-06,2937
2022-01-07,2978
2022-01-08,360
2022-01-09,509
2022-01-10,473
2022-01-11,2802
2022-01-12,3981
2022-01-13,2996
2022-01-14,6736
2022-01-15,28
2022-01-16,611
2022-01-17,1509
2022-01-18,2739
2022-01-19,3143
2022-01-20,3341
2022-01-21,3428
2022-01-22,50
2022-01-23,296
2022-01-24,4912
2022-01-25,2347
2022-01-26,3919
2022-01-27,2935
2022-01-28,5117
2022-01-29,887
2022-01-30,481
2022-01-31,1881
2022-02-01,2561
2022-02-02,3168
2022-02-03,3568
2022-02-04,1094
2022-02-05,6396
2022-02-06,362
2022-02-07,2407
2022-02-08,2678
2022-02-09,4036
2022-02-10,3465
2022-02-11,3558
2022-02-12,4982
2022-02-13,286
2022-02-14,8006
2022-02-15,2561
2022-02-16,4488
2022-02-17,4605
2022-02-18,1413
2022-02-19,2034
2022-02-20,1851
2022-02-22,50
2022-02-23,1282
2022-02-24,3240
2022-02-25,148
2022-02-26,896
2022-02-27,17
2022-02-28,3391
2022-03-01,5670
2022-03-02,2700
2022-03-03,3133
2022-03-04,7623
2022-03-05,6148
2022-03-06,2691
2022-03-07,5154
2022-03-08,3358
2022-03-09,5110
2022-03-10,3793
2022-03-11,6530
2022-03-12,526
2022-03-13,882
2022-03-14,3372
2022-03-15,2857
2022-03-16,3535
2022-03-17,3495
2022-03-18,3056
2022-03-19,162
2022-03-20,3800
2022-03-21,4747
2022-03-22,2797
2022-03-23,5940
2022-03-24,14266
2022-03-25,8325
2022-03-26,15947
2022-03-27,1543
2022-03-28,3890
2022-03-29,5087
2022-03-30,3635
2022-03-31,134
2022-04-01,176
2022-04-02,65
2022-04-03,91
2022-04-04,3348
2022-04-05,3688
2022-04-06,5734
2022-04-07,2706
2022-04-08,4608
2022-04-09,3897
2022-04-10,1328
2022-04-11,1447
2022-04-12,39
2022-04-13,5021
2022-04-14,1152
2022-04-15,8987
2022-04-16,2445
2022-04-17,5331
2022-04-18,3742
2022-04-19,2703
2022-04-20,2669
2022-04-21,3445
2022-04-22,4322
2022-04-23,952
2022-04-24,28
2022-04-25,5006
2022-04-26,5701
2022-04-27,5120
2022-04-28,3260
2022-04-29,4669
2022-04-30,10
2022-05-01,11
2022-05-02,1597
2022-05-03,4865
2022-05-04,3015
2022-05-05,2741
2022-05-06,7535
2022-05-07,1345
2022-05-08,199
2022-05-09,1396
2022-05-10,2503
2022-05-11,2765
2022-05-12,3373
2022-05-13,133
2022-05-14,3846
2022-05-15,2829
2022-05-16,4877
2022-05-17,3292
2022-05-18,4562
2022-05-19,3466
2022-05-20,7707
2022-05-21,4810
2022-05-22,80
2022-05-23,9489
2022-05-24,2891
2022-05-25,5062
2022-05-26,5029
2022-05-27,3850
2022-05-28,10
2022-05-29,3046
2022-05-30,1466
2022-05-31,3070
2022-06-01,5641
2022-06-02,6140
2022-06-03,4208
2022-06-04,20
2022-06-05,1763
2022-06-06,2557
2022-06-07,3278
2022-06-08,2815
2022-06-09,1382
2022-06-10,3144
2022-06-11,5839
2022-06-12,335
2022-06-13,1119
2022-06-14,873
2022-06-15,2129
2022-06-16,6881
2022-06-17,1230
2022-06-18,4365
2022-06-19,28
2022-06-20,3765
2022-06-21,1306
2022-06-23,254
2022-06-24,1565
2022-06-25,6007
2022-06-26,1507
2022-06-27,503
2022-06-28,105
2022-06-29,1912
2022-06-30,20733
2022-07-01,11850
2022-07-02,81
2022-07-03,84
2022-07-04,136
2022-07-06,4866
2022-07-07,920
2022-07-08,2656
2022-07-09,873
2022-07-10,590
2022-07-11,175
2022-07-12,331
2022-07-13,67
2022-07-14,1740
2022-07-15,582
2022-07-16,846
2022-07-17,1889
2022-07-18,125
2022-07-19,5974
2022-07-20,1553
2022-07-21,373
2022-07-22,2660
2022-07-23,35
2022-07-24,5276
2022-07-25,501
2022-07-26,2373
2022-07-27,1260
2022-07-28,1358
2022-07-29,1344
2022-07-30,6569
2022-07-31,1576
2022-08-01,1249
2022-08-02,1551
2022-08-03,13804
2022-08-04,323
2022-08-05,1646
2022-08-06,2905
2022-08-07,1274
2022-08-08,1409
2022-08-09,2661
2022-08-10,113
2022-08-11,996
2022-08-12,1892
2022-08-13,2627
2022-08-14,118
2022-08-15,1985
2022-08-16,2041
2022-08-17,43
2022-08-18,913
2022-08-19,440
2022-08-20,25
2022-08-21,2701
2022-08-22,640
2022-08-23,2365
2022-08-24,1213
2022-08-25,1211
2022-08-26,4008
2022-08-27,22
2022-08-28,993
2022-08-29,2381
2022-08-30,3235
2022-08-31,3604
2022-09-01,230
2022-09-02,98
2022-09-03,4150
2022-09-04,1551
2022-09-05,3482
2022-09-06,1531
2022-09-07,2203
2022-09-08,1280
2022-09-09,1622
2022-09-10,2745
2022-09-11,3629
2022-09-12,94
2022-09-13,207
2022-09-14,1337
2022-09-15,4315
2022-09-16,5285
2022-09-17,4330
2022-09-18,11960
2022-09-19,11568
2022-09-20,12535
2022-09-21,9360
2022-09-22,14866
2022-09-23,18337
2022-09-24,6302
2022-09-25,6629
2022-09-26,9895
2022-09-27,8058
2022-09-28,9316
2022-09-29,7796
2022-09-30,12402
2022-10-01,8892
2022-10-02,9640
2022-10-03,6058
2022-10-04,12876
2022-10-05,10973
2022-10-06,6833
2022-10-07,9708
2022-10-08,11103
2022-10-09,3155
2022-10-10,14038
2022-10-11,9329
2022-10-12,10020
2022-10-13,8965
2022-10-14,18622
2022-10-15,7944
2022-10-16,6515
2022-10-17,14893
2022-10-18,8073
2022-10-19,10637
2022-10-20,10390
2022-10-21,20222
2022-10-22,4296
2022-10-23,2556
2022-10-24,7681
2022-10-25,7323
2022-10-26,9640
2022-10-27,8431
2022-10-28,12418
2022-10-29,1682
2022-10-30,1892
2022-10-31,12001
2022-11-01,6673
2022-11-02,10421
2022-11-03,6264
2022-11-04,5766
2022-11-05,1627
2022-11-06,5403
2022-11-07,8391
2022-11-08,5060
2022-11-09,8531
2022-11-10,6416
2022-11-11,8921
2022-11-12,2151
2022-11-13,3991
2022-11-14,10775
2022-11-15,6130
2022-11-16,6356
2022-11-17,7119
2022-11-18,5049
2022-11-19,5562
2022-11-20,10438
2022-11-21,7958
2022-11-22,5247
2022-11-23,2266
2022-11-24,657
2022-11-25,4097
2022-11-26,2695
2022-11-27,4286
2022-11-28,7726
2022-11-29,8978
2022-11-30,4736
2022-12-01,6901
2022-12-02,6037
2022-12-03,6674
2022-12-04,2307
2022-12-05,1606
2022-12-06,586
2022-12-07,51
2022-12-08,511
2022-12-09,1389
2022-12-10,926
2022-12-11,1536
2022-12-12,1314
2022-12-13,589
2022-12-14,1248
2022-12-15,1373
2022-12-16,98
2022-12-17,2594
2022-12-18,343
2022-12-19,3079
2022-12-20,1277
2022-12-21,360
2022-12-22,420
2022-12-23,739
2022-12-24,1032
2022-12-25,6515
2022-12-26,2272
2022-12-27,1186
2022-12-28,5669
2022-12-29,3454
2022-12-30,1632
2022-12-31,1737
2023-01-01,808
2023-01-02,2347
2023-01-03,72
2023-01-04,1879
2023-01-05,2130
2023-01-06,428
2023-01-07,5256
2023-01-08,9744
2023-01-09,7131
2023-01-10,5170
2023-01-11,11192
2023-01-12,8814
2023-01-13,24236
2023-01-14,21865
2023-01-15,2572
2023-01-16,6161
2023-01-17,13604
2023-01-18,11971
2023-01-19,15636
2023-01-20,8906
2023-01-21,3980
2023-01-22,2594
2023-01-23,11665
2023-01-24,10087
2023-01-25,9757
2023-01-26,7617
2023-01-27,6748
2023-01-28,707
2023-01-29,2196
2023-01-30,7325
2023-01-31,6745
2023-02-01,6832
2023-02-02,8410
2023-02-03,14484
2023-02-04,6977
2023-02-05,4390
2023-02-06,10000
2023-02-07,7818
2023-02-08,5195
2023-02-09,4350
2023-02-10,5005
2023-02-11,5066
2023-02-12,5767
2023-02-13,5147
2023-02-14,10177
2023-02-15,4754
2023-02-16,5481
2023-02-17,4456
2023-02-18,1540
2023-02-19,4872
2023-02-20,764
2023-02-21,5768
2023-02-22,9457
2023-02-23,5906
2023-02-24,6971
2023-02-25,11205
2023-02-26,4077
2023-02-27,6720
2023-02-28,9505
2023-03-01,8367
2023-03-02,10804
2023-03-03,8945
2023-03-04,5244
2023-03-05,5719
2023-03-06,6835
2023-03-07,14738
2023-03-08,9321
2023-03-09,5595
2023-03-10,5769
2023-03-11,3739
2023-03-12,6843
2023-03-13,3788
2023-03-14,1626
2023-03-15,4898
2023-03-16,4453
2023-03-17,6144
2023-03-18,9742
2023-03-19,4837
2023-03-20,4681
2023-03-21,4237
2023-03-22,4411
2023-03-23,10695
2023-03-24,2928
2023-03-25,2327
2023-03-26,1451
2023-03-27,1918
2023-03-28,4164
2023-03-29,2390
2023-03-30,263
2023-03-31,2375
2023-04-01,2217
2023-04-02,3481
2023-04-03,8595
2023-04-04,10148
2023-04-05,10811
2023-04-06,5357
2023-04-07,9186
2023-04-08,16310
2023-04-09,3225
2023-04-10,9381
2023-04-11,3060
2023-04-12,9206
2023-04-13,3740
2023-04-14,9371
2023-04-15,11952
2023-04-16,7773
2023-04-17,7637
2023-04-18,7941
2023-04-19,7045
2023-04-20,4356
2023-04-21,3560
2023-04-22,5954
2023-04-23,6908
2023-04-24,11165
2023-04-25,8444
2023-04-26,5485
2023-04-27,9137
2023-04-28,7121
2023-04-29,1162
2023-04-30,5341
2023-05-01,11121
2023-05-02,7172
2023-05-03,13117
2023-05-04,6227
2023-05-05,6188
2023-05-06,12776
2023-05-07,17140
2023-05-08,10978
2023-05-09,12074
2023-05-10,12698
2023-05-11,4547
2023-05-12,18504
2023-05-13,9238
2023-05-14,2317
2023-05-15,7163
2023-05-16,7966
2023-05-17,11434
2023-05-18,4968
2023-05-19,14315
2023-05-20,5202
2023-05-21,1618
2023-05-22,7529
2023-05-23,7756
2023-05-24,7617
2023-05-25,7586
2023-05-26,7591
2023-05-27,11728
2023-05-28,6626
2023-05-29,1935
2023-05-30,8339
2023-05-31,8851
2023-06-01,7295
2023-06-02,18000
2023-06-03,11258
2023-06-04,1450
2023-06-05,6045
2023-06-06,5121
2023-06-07,10307
2023-06-08,3865
2023-06-09,7013
2023-06-10,4891
2023-06-11,4504
2023-06-12,6930
2023-06-13,2805
2023-06-14,65
2023-06-15,1444
2023-06-16,1283
2023-06-17,2283
2023-06-18,438
2023-06-19,4711
2023-06-20,3744
2023-06-21,3632
2023-06-22,724
2023-06-23,174
2023-06-24,2275
2023-06-25,1349
2023-06-26,166
2023-06-27,543
2023-06-28,1087
2023-06-29,5872
2023-06-30,6191
2023-07-01,8043
2023-07-02,2245
2023-07-03,6286
2023-07-04,5191
2023-07-05,863
2023-07-06,1274
2023-07-07,404
2023-07-08,921
2023-07-09,20
2023-07-10,1822
2023-07-11,58
2023-07-12,1264
2023-07-13,174
2023-07-14,1336
2023-07-15,619
2023-07-16,1476
2023-07-17,2232
2023-07-18,2903
2023-07-19,90
2023-07-20,2333
2023-07-21,91
2023-07-22,3262
2023-07-23,4182
2023-07-24,488
2023-07-25,128
2023-07-26,789
2023-07-27,2723
2023-07-28,306
2023-07-29,2372
2023-07-30,19
2023-07-31,5030
2023-08-01,59
2023-08-02,1037
2023-08-03,81
2023-08-04,1989
2023-08-05,411
2023-08-06,7316
2023-08-07,11563
2023-08-08,5750
2023-08-09,13411
2023-08-10,3451
2023-08-11,9306
2023-08-12,10791
2023-08-13,11921
2023-08-14,6043
2023-08-15,48
2023-08-16,147
2023-08-17,697
2023-08-18,297
2023-08-19,3322
2023-08-20,68
2023-08-21,208
2023-08-22,6790
2023-08-23,9293
2023-08-24,3798
2023-08-25,43
2023-08-26,4865
2023-08-27,4865
2023-08-28,289
2023-08-29,1632
2023-08-30,397
2023-08-31,1618
2023-09-01,576
2023-09-02,3825
2023-09-03,2525
2023-09-04,2219
2023-09-05,215
2023-09-06,5157
2023-09-07,1005
2023-09-08,2323
2023-09-09,5635
2023-09-10,2122
2023-09-11,2706
2023-09-12,3473
2023-09-13,4399
2023-09-14,1326
2023-09-15,2855
2023-09-16,1061
2023-09-17,1169
2023-09-18,1791
2023-09-19,474
2023-09-20,1247
2023-09-21,243
2023-09-22,3029
2023-09-23,5345
2023-09-24,3362
2023-09-25,13937
2023-09-26,8894
2023-09-27,6076
2023-09-28,10341
2023-09-29,11166
2023-09-30,4494
2023-10-01,2743
2023-10-02,15187
2023-10-03,8216
2023-10-04,8783
2023-10-05,8803
2023-10-06,9741
2023-10-07,10796
2023-10-08,5956
2023-10-09,10260
2023-10-10,14774
2023-10-11,12689
2023-10-12,6630
2023-10-13,11359
2023-10-14,8721
2023-10-15,8431
2023-10-16,6188
2023-10-17,6090
2023-10-18,5492
2023-10-19,8495
2023-10-20,9112
2023-10-21,2860
2023-10-22,2336
2023-10-23,4796
2023-10-24,10223
2023-10-25,6886
2023-10-26,6857
2023-10-27,9928
2023-10-28,10970
2023-10-29,2052
2023-10-30,13976
2023-10-31,2792
2023-11-01,6817
2023-11-02,6048
2023-11-03,10025
2023-11-04,4581
2023-11-05,5080
2023-11-06,11707
2023-11-07,13540
2023-11-08,4631
2023-11-09,4521
2023-11-10,1728
2023-11-11,1740
2023-11-12,2136
2023-11-13,8518
2023-11-14,11544
2023-11-15,2752
2023-11-16,6036
2023-11-17,9500
2023-11-18,5152
2023-11-19,7057
2023-11-20,10747
2023-11-21,5127
2023-11-22,3317
2023-11-23,7301
2023-11-24,3418
2023-11-25,5308
2023-11-26,9139
2023-11-27,10980
2023-11-28,5843
2023-11-29,4424
2023-11-30,8315
2023-12-01,7640
2023-12-02,11763
2023-12-03,9974
2023-12-04,5773
2023-12-05,5159
2023-12-06,5970
2023-12-07,10568
2023-12-08,5392
2023-12-09,6130
2023-12-10,2189
2023-12-11,5554
2023-12-12,3057
2023-12-13,44
2023-12-14,5659
2023-12-15,3507
2023-12-16,3678
2023-12-17,1468
2023-12-18,5274
2023-12-19,57
2023-12-20,164
2023-12-21,137
2023-12-22,948
2023-12-23,1515
2023-12-24,2456
2023-12-25,10093
2023-12-26,4377
2023-12-27,253
2023-12-28,6564
2023-12-29,57
2023-12-30,2246
2023-12-31,4182
2024-01-01,95
2024-01-02,3196
2024-01-03,2032
2024-01-04,756
2024-01-05,254
2024-01-06,12075
2024-01-07,831
2024-01-08,7036
2024-01-09,14056
2024-01-10,10608
2024-01-11,15351
2024-01-12,17253
2024-01-13,3938
2024-01-14,11479
2024-01-15,7107
2024-01-16,6994
2024-01-17,9722
2024-01-18,13398
2024-01-19,731
2024-01-20,8686
2024-01-21,3535
2024-01-22,5598
2024-01-23,6916
2024-01-24,1798
2024-01-25,13110
2024-01-26,7249
2024-01-27,1417
2024-01-28,86
2024-01-29,10745
2024-01-30,13016
2024-01-31,6897
2024-02-01,7857
2024-02-02,15966
2024-02-03,4256
2024-02-04,252
2024-02-05,57
2024-02-06,6715
2024-02-07,7204
2024-02-08,11113
2024-02-09,1310
2024-02-10,3792
2024-02-11,5005
2024-02-12,2024
2024-02-13,10553
2024-02-14,10015
2024-02-15,7175
2024-02-16,7852
2024-02-17,64
2024-02-18,4366
2024-02-19,1669
2024-02-20,12607
2024-02-21,10950
2024-02-22,10013
2024-02-23,2281
2024-02-24,14351
2024-02-25,6805
2024-02-26,5262
2024-02-27,8223
2024-02-28,9931
2024-02-29,4513
2024-03-01,12439
2024-03-02,3197
2024-03-03,8156
2024-03-04,5305
2024-03-05,10904
2024-03-06,10613
2024-03-07,7745
2024-03-08,2953
2024-03-09,10504
2024-03-10,8686
2024-03-11,7931
2024-03-12,10870
2024-03-13,6797
2024-03-14,14795
2024-03-15,8175
2024-03-16,5391
2024-03-17,2891
2024-03-18,9894
2024-03-19,11880
2024-03-20,2185
2024-03-21,417
2024-03-22,3393
2024-03-23,48
2024-03-24,5354
2024-03-25,2008
2024-03-26,1508
2024-03-27,501
2024-03-28,2017
2024-03-29,1543
2024-03-30,2210
2024-03-31,124
2024-04-01,2636
2024-04-02,123
2024-04-03,16338
2024-04-04,9434
2024-04-05,9867
2024-04-06,6627
2024-04-07,12926
2024-04-08,8910
2024-04-09,12963
2024-04-10,13190
2024-04-11,9563
2024-04-12,6044
2024-04-13,755
2024-04-14,1564
2024-04-15,9761
2024-04-16,7414
2024-04-17,11984
2024-04-18,8695
2024-04-19,10001
2024-04-20,4584
2024-04-21,5273
2024-04-22,8599
2024-04-23,7503
2024-04-24,7850
2024-04-25,8551
2024-04-26,13758
2024-04-27,5846
2024-04-28,5550
2024-04-29,6316
2024-04-30,7332
2024-05-01,11624
2024-05-02,13281
2024-05-03,8376
2024-05-04,4172
2024-05-05,8017
2024-05-06,8756
2024-05-07,6514
2024-05-08,6035
2024-05-09,6476
2024-05-10,78
2024-05-11,1958
2024-05-12,8408
2024-05-13,7072
2024-05-14,8387
2024-05-15,7003
2024-05-16,10031
2024-05-17,7057
2024-05-18,2403
2024-05-19,6882
2024-05-20,4920
2024-05-21,6747
2024-05-22,9214
2024-05-23,14066
2024-05-24,1153
2024-05-25,84
2024-05-26,2505
2024-05-27,264
2024-05-28,1516
2024-05-29,309
2024-05-30,264
2024-05-31,4817
2024-06-01,3371
2024-06-02,4090
2024-06-03,4329
2024-06-04,7683
2024-06-05,7719
2024-06-06,6734
2024-06-07,6710
2024-06-08,3392
2024-06-09,5323
2024-06-10,7872
2024-06-11,8012
2024-06-12,7973
2024-06-13,1219
2024-06-14,1721
2024-06-15,672
2024-06-16,1168
2024-06-17,2238
2024-06-18,2636
2024-06-19,459
2024-06-20,2427
2024-06-21,40
2024-06-22,5553
2024-06-23,4168
2024-06-24,4195
2024-06-25,7150
2024-06-26,8167
2024-06-27,10398
2024-06-28,4876
2024-06-29,11216
2024-06-30,7405
2024-07-01,5463
2024-07-02,6775
2024-07-03,7863
2024-07-04,159
2024-07-05,3578
2024-07-06,5697
2024-07-07,2418
2024-07-08,7831
2024-07-09,11576
2024-07-10,5548
2024-07-11,5408
2024-07-12,182
2024-07-13,9976
2024-07-14,6967
2024-07-15,3285
2024-07-16,6118
2024-07-17,3874
2024-07-18,4972
2024-07-19,5207
2024-07-20,5916
2024-07-21,2797
2024-07-22,6806
2024-07-23,10148
2024-07-24,7990
2024-07-25,1194
2024-07-26,990
2024-07-27,10143
2024-07-28,3338
2024-07-29,223
2024-07-30,5533
2024-07-31,185
2024-08-01,7463
2024-08-02,2063
2024-08-03,4447
2024-08-04,5476
2024-08-05,523
2024-08-06,999
2024-08-07,7077
2024-08-08,314
2024-08-09,1894
2024-08-10,1980
2024-08-11,215
2024-08-12,4589
2024-08-13,627
2024-08-14,2817
2024-08-15,4351
2024-08-16,1582
2024-08-17,2502
2024-08-18,2803
2024-08-19,4486
2024-08-20,5332
2024-08-21,1024
2024-08-22,1451
2024-08-23,1743
2024-08-24,2545
2024-08-25,6431
2024-08-26,11897
2024-08-27,6884
2024-08-28,13946
2024-08-29,8391
2024-08-30,10492
2024-08-31,14642
2024-09-01,10181
2024-09-02,6327
2024-09-03,1073
2024-09-04,2555
2024-09-05,4411
2024-09-06,2432
2024-09-07,6331
2024-09-08,3390
2024-09-09,167
2024-09-10,1723
2024-09-11,1565
2024-09-12,2760
2024-09-13,1918
2024-09-14,31
2024-09-15,4175
2024-09-16,37
2024-09-17,684
2024-09-18,122
2024-09-19,922
2024-09-20,507
2024-09-21,758
2024-09-22,3842
2024-09-23,8376
2024-09-24,12473
2024-09-25,4401
2024-09-26,7837
2024-09-27,11033
2024-09-28,15434
2024-09-29,5029
2024-09-30,8217
2024-10-01,5811
2024-10-02,9018
2024-10-03,4748
2024-10-04,9021
2024-10-05,3098
2024-10-06,5868
2024-10-07,6880
2024-10-08,9383
2024-10-09,10486
2024-10-10,11766
2024-10-11,6285
2024-10-12,9080
2024-10-13,5312
2024-10-14,7494
2024-10-15,12538
2024-10-16,6154
2024-10-17,8189
2024-10-18,11114
2024-10-19,6970
2024-10-20,2104
2024-10-21,5685
2024-10-22,10812
2024-10-23,5504
2024-10-24,5291
2024-10-25,2770
2024-10-26,3413
2024-10-27,1382
2024-10-28,6789
2024-10-29,11491
2024-10-30,7652
2024-10-31,14980
2024-11-01,22363
2024-11-02,3763
2024-11-03,1371
2024-11-04,5321
2024-11-05,11127
2024-11-06,7972
2024-11-07,7633
2024-11-08,7768
2024-11-09,7259
2024-11-10,7449
2024-11-11,469
2024-11-12,14666
2024-11-13,5868
2024-11-14,9338
2024-11-15,5445
2024-11-16,5147
2024-11-17,2854
2024-11-18,5683
2024-11-19,10827
2024-11-20,7580
2024-11-21,7744
2024-11-22,5765
2024-11-23,5733
2024-11-24,6503
2024-11-25,7217
2024-11-26,4437
2024-11-27,7847
2024-11-28,1010
2024-11-29,6040
2024-11-30,2494
2024-12-01,6
2024-12-02,4942
2024-12-03,5593
2024-12-04,5097
2024-12-05,3782
2024-12-06,3307
2024-12-07,6920
2024-12-08,4275
2024-12-09,6214
2024-12-10,2585
2024-12-11,4460
2024-12-12,6449
2024-12-13,3612
2024-12-14,1742
2024-12-15,1807
2024-12-16,4985
2024-12-17,4760
2024-12-18,10846
2024-12-19,533
2024-12-20,50
2024-12-21,1750
2024-12-22,2253
2024-12-23,3239
2024-12-24,4673
2024-12-25,5309
2024-12-26,5930
2024-12-27,8715
2024-12-28,5156
2024-12-29,1999
2024-12-30,4025
2024-12-31,2130
2025-01-01,2770
2025-01-02,2302
2025-01-03,1095
2025-01-04,5025
2025-01-05,2940
2025-01-06,7708
2025-01-07,5976
2025-01-08,9122
2025-01-09,13095
2025-01-10,13694
2025-01-11,3390
2025-01-12,7327
2025-01-13,9567
2025-01-14,6229
2025-01-15,5423
2025-01-16,7536
2025-01-17,2397
2025-01-18,16741
2025-01-19,3634
2025-01-20,4870
2025-01-21,5028
2025-01-22,6200
2025-01-23,5783
2025-01-24,7694
2025-01-25,8231
2025-01-26,4370
2025-01-27,8783
2025-01-28,3959
2025-01-29,8323
2025-01-30,10762
2025-01-31,6176
2025-02-01,94
2025-02-02,6996
2025-02-03,6258
2025-02-04,3975
2025-02-05,9575
2025-02-06,5693
2025-02-07,5403
2025-02-08,7823
2025-02-09,3944
2025-02-10,8872
2025-02-11,6780
2025-02-12,9038
2025-02-13,8966
2025-02-14,6937
2025-02-15,5947
2025-02-16,1213
2025-02-17,35
2025-02-18,9394
2025-02-19,8465
2025-02-20,7363
2025-02-21,6451
2025-02-22,12229
2025-02-23,11615
2025-02-24,8151
2025-02-25,9334
2025-02-26,9270
2025-02-27,12578
2025-02-28,8403
2025-03-01,4654
2025-03-02,8860
2025-03-03,6551
2025-03-04,6128
2025-03-05,4012
2025-03-06,7846
2025-03-07,10772
2025-03-08,7939
2025-03-09,2640
2025-03-10,6932
2025-03-11,4163
2025-03-12,10820
2025-03-13,6405
2025-03-14,108
2025-03-15,208
2025-03-16,136
2025-03-17,190
2025-03-18,4185
2025-03-19,5888
2025-03-20,3963
2025-03-21,7224
2025-03-22,13960
2025-03-23,9362
2025-03-24,4664
2025-03-25,562
2025-03-26,3090
2025-03-27,5413
2025-03-28,3667
2025-03-29,4409
2025-03-30,3138
2025-03-31,6623
2025-04-01,10455
2025-04-02,9619
2025-04-03,4377
2025-04-04,14365
2025-04-05,8705
2025-04-06,3697
2025-04-07,9694
2025-04-08,9203
2025-04-09,2629
2025-04-10,6346
2025-04-11,14353
2025-04-12,7787
2025-04-13,9222
2025-04-14,8617
2025-04-15,7415
2025-04-16,3470
2025-04-17,10957
2025-04-18,8459
2025-04-19,4410
2025-04-20,4375
2025-04-21,4727
2025-04-22,8768
2025-04-23,5274
2025-04-24,12123
2025-04-25,10774
2025-04-26,8176
2025-04-27,4664
2025-04-28,9872
2025-04-29,5189
2025-04-30,7966
2025-05-01,8436
2025-05-02,11785
2025-05-03,6810
2025-05-04,3084
2025-05-05,8114
2025-05-06,9139
2025-05-07,8435
2025-05-08,4643
2025-05-09,13574
2025-05-10,971
2025-05-11,2609
2025-05-12,1449
2025-05-13,4694
2025-05-14,13675
2025-05-15,13405
2025-05-16,8863
2025-05-17,5537
2025-05-18,10840
2025-05-19,1455
2025-05-20,3220
2025-05-21,4394
2025-05-22,6365
2025-05-23,8664
2025-05-24,4519
2025-05-25,2146
2025-05-26,14186
2025-05-27,1436
2025-05-28,5723
2025-05-29,3619
2025-05-30,10020
2025-05-31,12466
2025-06-01,270
2025-06-02,8774
2025-06-03,7431
2025-06-04,3773
2025-06-05,1112
2025-06-06,12225
2025-06-07,8958
2025-06-08,2877
2025-06-09,6350
2025-06-10,5234
2025-06-11,2267
2025-06-12,10356
2025-06-13,2750
2025-06-14,5544
2025-06-15,2605
2025-06-16,4367
2025-06-17,1895
2025-06-18,657
2025-06-19,1749
2025-06-20,3756
2025-06-21,9739
2025-06-22,2144
2025-06-23,4623
2025-06-24,3517
2025-06-25,1392
2025-06-26,4730
2025-06-27,13634
2025-06-28,6845
2025-06-29,9914
2025-06-30,13241
2025-07-01,6760
2025-07-02,2951
2025-07-03,8724
2025-07-04,7866
2025-07-05,5550
2025-07-06,2766
2025-07-07,3247
2025-07-08,1483
2025-07-09,913
2025-07-10,2813
2025-07-11,465
2025-07-12,64
2025-07-13,520
2025-07-14,5054
2025-07-15,1090
2025-07-16,505
2025-07-17,1915
2025-07-18,1474
2025-07-19,895
2025-07-20,3910
2025-07-21,130
2025-07-22,130
2025-07-23,12269
2025-07-24,4259
2025-07-25,3271
2025-07-26,5325
2025-07-27,1820
2025-07-28,710
2025-07-29,2294
2025-07-30,3626
2025-07-31,4591
2025-08-01,1065
2025-08-02,4581
2025-08-03,3205
2025-08-04,10148
2025-08-05,9336
2025-08-06,6123
2025-08-07,5756
2025-08-08,5841
2025-08-09,3967
2025-08-10,2112
2025-08-11,2958
2025-08-12,6635
2025-08-13,6976
2025-08-14,11676
2025-08-15,6325
2025-08-16,3254
2025-08-17,648
2025-08-18,7145
2025-08-19,7156
2025-08-20,6968
2025-08-21,14562
2025-08-22,16785
2025-08-23,4782
2025-08-24,4496
2025-08-25,7881
2025-08-26,6828
2025-08-27,6480
2025-08-28,8845
2025-08-29,2058
2025-08-30,1754
2025-08-31,5156
2025-09-01,2726
2025-09-02,11499
2025-09-03,5490
2025-09-04,7652
2025-09-05,11189
2025-09-06,6630
2025-09-07,9293
2025-09-08,5920
2025-09-09,10276
2025-09-10,5843
2025-09-11,9750
2025-09-12,4891
2025-09-13,6722
2025-09-14,2977
2025-09-15,1690
2025-09-16,720
2025-09-17,1318
2025-09-18,4094
2025-09-19,712
2025-09-20,5298
2025-09-21,7496
2025-09-22,4988
2025-09-23,1464
2025-09-24,2989
2025-09-25,9984
2025-09-26,7395
2025-09-27,9050
2025-09-28,1935
2025-09-29,10470
2025-09-30,8993
2025-10-01,12977
2025-10-02,8193
2025-10-03,9273
2025-10-04,12577
2025-10-05,6509
2025-10-06,10966
2025-10-07,5097
2025-10-08,8578
2025-10-09,8473
2025-10-10,10568
2025-10-11,2654
2025-10-12,3324
2025-10-13,8517
2025-10-14,5874
2025-10-15,12843
2025-10-16,10225
2025-10-17,5714
2025-10-18,6077
2025-10-19,3228
2025-10-20,12669
2025-10-21,5286
2025-10-22,10013
2025-10-23,9800
2025-10-24,9445
2025-10-25,4194
2025-10-26,3496
2025-10-27,8798
2025-10-28,7776
2025-10-29,10492
2025-10-30,7785
2025-10-31,20433
2025-11-01,4562
2025-11-02,3539
2025-11-03,8250
2025-11-04,6438
2025-11-05,10983
2025-11-06,3423
2025-11-07,7668
2025-11-08,3391
2025-11-09,2357
2025-11-10,12177
